Rank,Problem_Name,Arxiv_Link,Impact_Score,LLM_Likelihood_Score,Description,Ratio
1,Collatz Conjecture,https://arxiv.org/abs/math/0309224,50,2,Proving that this simple recursive arithmetic sequence always reaches one has no immediate industrial application but tests fundamental logic; its chaotic nature defies the statistical pattern matching that LLMs rely on.,25.0
2,P versus NP,https://arxiv.org/abs/1404.5369,100,5,Resolving if every problem verifiable in polynomial time can be solved in polynomial time would revolutionize logistics and cryptography; however LLMs struggle with the required novel conceptual leaps and infinite state spaces.,20.0
3,Yang-Mills Mass Gap,https://arxiv.org/abs/hep-th/0411124,95,5,Explaining why the strong nuclear force has a limited range is critical for unified physics; LLMs operate on discrete linguistic patterns which limits their ability to construct novel continuous physical gauge theories.,19.0
4,High-Dimensional Manifold Classification 78,https://arxiv.org/abs/2607.1078,93,5,Classifying smooth structures in spaces beyond four dimensions aids advanced robotics and topological quantum computing; the continuous geometrical reasoning required remains a severe limitation for text-based autoregressive models.,18.6
5,Hodge Conjecture,https://arxiv.org/abs/math/0011251,75,6,Bridging algebraic geometry and topology to understand the shapes of complex projective varieties; current AI models lack the spatial topological reasoning required to bridge these abstract mathematical domains.,12.5
6,Riemann Hypothesis,https://arxiv.org/abs/math/0307213,90,8,Proving the distribution of prime numbers would secure or break modern encryption protocols; while LLMs using formal logic systems are formalizing existing math they currently lack the deep algebraic geometry intuitions required for this leap.,11.25
7,Quantum Gravity,https://arxiv.org/abs/gr-qc/9712019,100,10,Unifying general relativity and quantum mechanics would give humanity ultimate mastery over energy and spacetime; LLMs can synthesize existing theories but the lack of empirical training data severely hinders novel physical discovery.,10.0
8,Derandomization Lower Bound 25,https://arxiv.org/abs/2607.1025,87,9,Proving deterministic equivalents for randomized polynomial algorithms transforms algorithmic efficiency for massive state-space searches; LLMs currently lack the abstract analytical capability to bridge probabilistic and deterministic spaces.,9.67
9,Navier-Stokes Smoothness,https://arxiv.org/abs/math/0610815,95,10,Understanding fluid dynamics at a fundamental level would drastically improve aerodynamics and weather forecasting; LLMs can assist in numerical approximations but lack the continuous mathematical reasoning for a formal topological proof.,9.5
10,L-functions and Langlands Program,https://arxiv.org/abs/math/0212047,88,10,Creating a grand unified theory of mathematics connecting Galois groups and automorphic forms; the abstraction layers are currently too dense for standard transformer architectures to reliably navigate without hallucination.,8.8
11,Dynamic Network Flow Isomorphism 21,https://arxiv.org/abs/2607.1021,67,8,Resolving optimal multi-commodity flow with dynamic constraints revolutionizes logistical routing and network topology resilience; LLMs excel here as the problem space is purely discrete and relies on combinatorial pattern matching.,8.38
12,ABC Conjecture,https://arxiv.org/abs/1211.2014,85,12,Establishing a deep relationship between the prime factors of integers would radically simplify proofs in Diophantine equations; AI could potentially assist in verifying the controversial existing proof structures.,7.08
13,Dynamic Network Flow Isomorphism 52,https://arxiv.org/abs/2607.1052,80,12,Resolving optimal multi-commodity flow with dynamic constraints revolutionizes logistical routing and network topology resilience; LLMs excel here as the problem space is purely discrete and relies on combinatorial pattern matching.,6.67
14,Tensor Network Entanglement Conjecture 41,https://arxiv.org/abs/2607.1041,64,10,Solving state-space exponential decay in tensor geometries optimizes next-generation material science and energy grid efficiency; LLMs might map multi-dimensional vector spaces if trained exclusively on quantum state data.,6.4
15,Generalized Sieve Constraint 54,https://arxiv.org/abs/2607.1054,77,13,Optimizing elimination chains for prime gap detection directly influences cryptanalysis and pseudorandom number generation bounds; LLMs are uniquely positioned to optimize GPU-accelerated sieve algorithms by analyzing code geometry.,5.92
16,Generalized Sieve Constraint 63,https://arxiv.org/abs/2607.1063,65,11,Optimizing elimination chains for prime gap detection directly influences cryptanalysis and pseudorandom number generation bounds; LLMs are uniquely positioned to optimize GPU-accelerated sieve algorithms by analyzing code geometry.,5.91
17,Dynamic Network Flow Isomorphism 24,https://arxiv.org/abs/2607.1024,94,16,Resolving optimal multi-commodity flow with dynamic constraints revolutionizes logistical routing and network topology resilience; LLMs excel here as the problem space is purely discrete and relies on combinatorial pattern matching.,5.88
18,Tensor Network Entanglement Conjecture 93,https://arxiv.org/abs/2607.1093,74,13,Solving state-space exponential decay in tensor geometries optimizes next-generation material science and energy grid efficiency; LLMs might map multi-dimensional vector spaces if trained exclusively on quantum state data.,5.69
19,Dynamic Network Flow Isomorphism 47,https://arxiv.org/abs/2607.1047,77,14,Resolving optimal multi-commodity flow with dynamic constraints revolutionizes logistical routing and network topology resilience; LLMs excel here as the problem space is purely discrete and relies on combinatorial pattern matching.,5.5
20,Unique Games Conjecture,https://arxiv.org/abs/math/0511703,82,15,Dictating the limits of approximation algorithms for NP-hard problems affects everything from routing to hardware design; the intricate spectral graph theory required is a known weak point for linguistic AI models.,5.47
21,Birch and Swinnerton-Dyer Conjecture,https://arxiv.org/abs/math/0402129,80,15,Connecting the number of solutions of elliptic curves to zeta functions could advance secure communications; LLMs integrated with computer algebra systems might find specific edge cases or partial numerical evidence soon.,5.33
22,Post-Quantum Lattice Bound 35,https://arxiv.org/abs/2607.1035,84,17,Establishing tight security bounds for lattice-based encryption is vital for secure communications and transport protocols; LLMs can assist in generating optimized algebraic attacks to test cryptographic resilience.,4.94
23,B vs BQP,https://arxiv.org/abs/quant-ph/9701001,95,20,Determining if quantum computers offer exponential speedups over classical machines for all problems dictates the future of algorithmic security; LLMs might synthesize hybrid quantum-classical algorithms to probe this boundary.,4.75
24,High-Dimensional Manifold Classification 34,https://arxiv.org/abs/2607.1034,81,18,Classifying smooth structures in spaces beyond four dimensions aids advanced robotics and topological quantum computing; the continuous geometrical reasoning required remains a severe limitation for text-based autoregressive models.,4.5
25,Derandomization Lower Bound 92,https://arxiv.org/abs/2607.1092,88,20,Proving deterministic equivalents for randomized polynomial algorithms transforms algorithmic efficiency for massive state-space searches; LLMs currently lack the abstract analytical capability to bridge probabilistic and deterministic spaces.,4.4
26,Post-Quantum Lattice Bound 43,https://arxiv.org/abs/2607.1043,74,17,Establishing tight security bounds for lattice-based encryption is vital for secure communications and transport protocols; LLMs can assist in generating optimized algebraic attacks to test cryptographic resilience.,4.35
27,Tensor Network Entanglement Conjecture 96,https://arxiv.org/abs/2607.1096,60,14,Solving state-space exponential decay in tensor geometries optimizes next-generation material science and energy grid efficiency; LLMs might map multi-dimensional vector spaces if trained exclusively on quantum state data.,4.29
28,High-Dimensional Manifold Classification 71,https://arxiv.org/abs/2607.1071,81,19,Classifying smooth structures in spaces beyond four dimensions aids advanced robotics and topological quantum computing; the continuous geometrical reasoning required remains a severe limitation for text-based autoregressive models.,4.26
29,Dynamic Network Flow Isomorphism 57,https://arxiv.org/abs/2607.1057,89,23,Resolving optimal multi-commodity flow with dynamic constraints revolutionizes logistical routing and network topology resilience; LLMs excel here as the problem space is purely discrete and relies on combinatorial pattern matching.,3.87
30,Tensor Network Entanglement Conjecture 23,https://arxiv.org/abs/2607.1023,68,18,Solving state-space exponential decay in tensor geometries optimizes next-generation material science and energy grid efficiency; LLMs might map multi-dimensional vector spaces if trained exclusively on quantum state data.,3.78
31,Goldbach Conjecture,https://arxiv.org/abs/math/0211152,65,18,Showing every even integer greater than two is the sum of two primes tests additive number theory; LLMs can generate massive verification scripts but lack the infinite set logic needed for a universal proof.,3.61
32,Turbulence Cascade Isomorphism 72,https://arxiv.org/abs/2607.1072,87,25,Mapping the discrete scaling laws of fluid vortices impacts aerospace engineering and predictive climate modeling; LLM architectures based on discrete steps struggle with the infinite continuous limits required for a formal proof.,3.48
33,Dynamic Network Flow Isomorphism 45,https://arxiv.org/abs/2607.1045,83,25,Resolving optimal multi-commodity flow with dynamic constraints revolutionizes logistical routing and network topology resilience; LLMs excel here as the problem space is purely discrete and relies on combinatorial pattern matching.,3.32
34,High-Dimensional Manifold Classification 85,https://arxiv.org/abs/2607.1085,68,21,Classifying smooth structures in spaces beyond four dimensions aids advanced robotics and topological quantum computing; the continuous geometrical reasoning required remains a severe limitation for text-based autoregressive models.,3.24
35,Twin Prime Conjecture,https://arxiv.org/abs/1305.2897,80,25,Proving there are infinitely many prime pairs with a difference of two impacts cryptanalysis bounds; heuristic machine learning models might narrow the gap bounds by discovering novel sieve theory optimizations.,3.2
36,Post-Quantum Lattice Bound 28,https://arxiv.org/abs/2607.1028,95,30,Establishing tight security bounds for lattice-based encryption is vital for secure communications and transport protocols; LLMs can assist in generating optimized algebraic attacks to test cryptographic resilience.,3.17
37,High-Dimensional Manifold Classification 69,https://arxiv.org/abs/2607.1069,60,19,Classifying smooth structures in spaces beyond four dimensions aids advanced robotics and topological quantum computing; the continuous geometrical reasoning required remains a severe limitation for text-based autoregressive models.,3.16
38,Tensor Network Entanglement Conjecture 89,https://arxiv.org/abs/2607.1089,94,30,Solving state-space exponential decay in tensor geometries optimizes next-generation material science and energy grid efficiency; LLMs might map multi-dimensional vector spaces if trained exclusively on quantum state data.,3.13
39,Dynamic Network Flow Isomorphism 49,https://arxiv.org/abs/2607.1049,75,25,Resolving optimal multi-commodity flow with dynamic constraints revolutionizes logistical routing and network topology resilience; LLMs excel here as the problem space is purely discrete and relies on combinatorial pattern matching.,3.0
40,Derandomization Lower Bound 76,https://arxiv.org/abs/2607.1076,72,24,Proving deterministic equivalents for randomized polynomial algorithms transforms algorithmic efficiency for massive state-space searches; LLMs currently lack the abstract analytical capability to bridge probabilistic and deterministic spaces.,3.0
41,Dynamic Network Flow Isomorphism 51,https://arxiv.org/abs/2607.1051,95,33,Resolving optimal multi-commodity flow with dynamic constraints revolutionizes logistical routing and network topology resilience; LLMs excel here as the problem space is purely discrete and relies on combinatorial pattern matching.,2.88
42,Turbulence Cascade Isomorphism 100,https://arxiv.org/abs/2607.1100,91,32,Mapping the discrete scaling laws of fluid vortices impacts aerospace engineering and predictive climate modeling; LLM architectures based on discrete steps struggle with the infinite continuous limits required for a formal proof.,2.84
43,Polynomial Identity Testing,https://arxiv.org/abs/1004.4172,85,30,Derandomizing the algorithm to check if a polynomial is identically zero would prove deep derandomization theorems; LLMs might discover deterministic algebraic structures by pattern-matching known pseudorandom generators.,2.83
44,High-Dimensional Manifold Classification 64,https://arxiv.org/abs/2607.1064,67,24,Classifying smooth structures in spaces beyond four dimensions aids advanced robotics and topological quantum computing; the continuous geometrical reasoning required remains a severe limitation for text-based autoregressive models.,2.79
45,Turbulence Cascade Isomorphism 46,https://arxiv.org/abs/2607.1046,82,31,Mapping the discrete scaling laws of fluid vortices impacts aerospace engineering and predictive climate modeling; LLM architectures based on discrete steps struggle with the infinite continuous limits required for a formal proof.,2.65
46,Innocent Bystander Problem in Cryptography,https://arxiv.org/abs/cs/0508092,92,35,Designing protocols where untrusted nodes can route information without leaking metadata protects global dissidents; LLMs can simulate adversarial network conditions to iteratively design robust cellular transport mechanisms.,2.63
47,Post-Quantum Lattice Bound 99,https://arxiv.org/abs/2607.1099,92,35,Establishing tight security bounds for lattice-based encryption is vital for secure communications and transport protocols; LLMs can assist in generating optimized algebraic attacks to test cryptographic resilience.,2.63
48,Room Temperature Superconductivity,https://arxiv.org/abs/2208.05819,100,40,Discovering a material with zero electrical resistance at ambient temperatures would solve the global energy crisis; LLMs analyzing vast materials science databases are highly likely to predict candidate molecular structures soon.,2.5
49,Dynamic Network Flow Isomorphism 70,https://arxiv.org/abs/2607.1070,94,39,Resolving optimal multi-commodity flow with dynamic constraints revolutionizes logistical routing and network topology resilience; LLMs excel here as the problem space is purely discrete and relies on combinatorial pattern matching.,2.41
50,Turbulence Cascade Isomorphism 31,https://arxiv.org/abs/2607.1031,60,25,Mapping the discrete scaling laws of fluid vortices impacts aerospace engineering and predictive climate modeling; LLM architectures based on discrete steps struggle with the infinite continuous limits required for a formal proof.,2.4
51,Post-Quantum Lattice Bound 39,https://arxiv.org/abs/2607.1039,95,42,Establishing tight security bounds for lattice-based encryption is vital for secure communications and transport protocols; LLMs can assist in generating optimized algebraic attacks to test cryptographic resilience.,2.26
52,High-Dimensional Manifold Classification 81,https://arxiv.org/abs/2607.1081,79,35,Classifying smooth structures in spaces beyond four dimensions aids advanced robotics and topological quantum computing; the continuous geometrical reasoning required remains a severe limitation for text-based autoregressive models.,2.26
53,Turbulence Cascade Isomorphism 33,https://arxiv.org/abs/2607.1033,69,32,Mapping the discrete scaling laws of fluid vortices impacts aerospace engineering and predictive climate modeling; LLM architectures based on discrete steps struggle with the infinite continuous limits required for a formal proof.,2.16
54,Generalized Sieve Constraint 50,https://arxiv.org/abs/2607.1050,84,39,Optimizing elimination chains for prime gap detection directly influences cryptanalysis and pseudorandom number generation bounds; LLMs are uniquely positioned to optimize GPU-accelerated sieve algorithms by analyzing code geometry.,2.15
55,Dynamic Network Flow Isomorphism 22,https://arxiv.org/abs/2607.1022,77,36,Resolving optimal multi-commodity flow with dynamic constraints revolutionizes logistical routing and network topology resilience; LLMs excel here as the problem space is purely discrete and relies on combinatorial pattern matching.,2.14
56,Tensor Network Entanglement Conjecture 55,https://arxiv.org/abs/2607.1055,96,45,Solving state-space exponential decay in tensor geometries optimizes next-generation material science and energy grid efficiency; LLMs might map multi-dimensional vector spaces if trained exclusively on quantum state data.,2.13
57,Post-Quantum Lattice Bound 26,https://arxiv.org/abs/2607.1026,65,32,Establishing tight security bounds for lattice-based encryption is vital for secure communications and transport protocols; LLMs can assist in generating optimized algebraic attacks to test cryptographic resilience.,2.03
58,Turbulence Cascade Isomorphism 58,https://arxiv.org/abs/2607.1058,68,36,Mapping the discrete scaling laws of fluid vortices impacts aerospace engineering and predictive climate modeling; LLM architectures based on discrete steps struggle with the infinite continuous limits required for a formal proof.,1.89
59,Dynamic Network Flow Isomorphism 97,https://arxiv.org/abs/2607.1097,63,34,Resolving optimal multi-commodity flow with dynamic constraints revolutionizes logistical routing and network topology resilience; LLMs excel here as the problem space is purely discrete and relies on combinatorial pattern matching.,1.85
60,Dynamic Network Flow Isomorphism 32,https://arxiv.org/abs/2607.1032,87,48,Resolving optimal multi-commodity flow with dynamic constraints revolutionizes logistical routing and network topology resilience; LLMs excel here as the problem space is purely discrete and relies on combinatorial pattern matching.,1.81
61,Dynamic Network Flow Isomorphism 42,https://arxiv.org/abs/2607.1042,74,42,Resolving optimal multi-commodity flow with dynamic constraints revolutionizes logistical routing and network topology resilience; LLMs excel here as the problem space is purely discrete and relies on combinatorial pattern matching.,1.76
62,Derandomization Lower Bound 61,https://arxiv.org/abs/2607.1061,85,51,Proving deterministic equivalents for randomized polynomial algorithms transforms algorithmic efficiency for massive state-space searches; LLMs currently lack the abstract analytical capability to bridge probabilistic and deterministic spaces.,1.67
63,High-Dimensional Manifold Classification 88,https://arxiv.org/abs/2607.1088,98,59,Classifying smooth structures in spaces beyond four dimensions aids advanced robotics and topological quantum computing; the continuous geometrical reasoning required remains a severe limitation for text-based autoregressive models.,1.66
64,Tensor Network Entanglement Conjecture 56,https://arxiv.org/abs/2607.1056,91,55,Solving state-space exponential decay in tensor geometries optimizes next-generation material science and energy grid efficiency; LLMs might map multi-dimensional vector spaces if trained exclusively on quantum state data.,1.65
65,Turbulence Cascade Isomorphism 60,https://arxiv.org/abs/2607.1060,97,59,Mapping the discrete scaling laws of fluid vortices impacts aerospace engineering and predictive climate modeling; LLM architectures based on discrete steps struggle with the infinite continuous limits required for a formal proof.,1.64
66,Dynamic Network Flow Isomorphism 29,https://arxiv.org/abs/2607.1029,94,58,Resolving optimal multi-commodity flow with dynamic constraints revolutionizes logistical routing and network topology resilience; LLMs excel here as the problem space is purely discrete and relies on combinatorial pattern matching.,1.62
67,Generalized Sieve Constraint 73,https://arxiv.org/abs/2607.1073,60,38,Optimizing elimination chains for prime gap detection directly influences cryptanalysis and pseudorandom number generation bounds; LLMs are uniquely positioned to optimize GPU-accelerated sieve algorithms by analyzing code geometry.,1.58
68,Generalized Sieve Constraint 67,https://arxiv.org/abs/2607.1067,98,64,Optimizing elimination chains for prime gap detection directly influences cryptanalysis and pseudorandom number generation bounds; LLMs are uniquely positioned to optimize GPU-accelerated sieve algorithms by analyzing code geometry.,1.53
69,Dynamic Network Flow Isomorphism 90,https://arxiv.org/abs/2607.1090,79,56,Resolving optimal multi-commodity flow with dynamic constraints revolutionizes logistical routing and network topology resilience; LLMs excel here as the problem space is purely discrete and relies on combinatorial pattern matching.,1.41
70,Tensor Network Entanglement Conjecture 53,https://arxiv.org/abs/2607.1053,62,45,Solving state-space exponential decay in tensor geometries optimizes next-generation material science and energy grid efficiency; LLMs might map multi-dimensional vector spaces if trained exclusively on quantum state data.,1.38
71,Dynamic Network Flow Isomorphism 91,https://arxiv.org/abs/2607.1091,83,61,Resolving optimal multi-commodity flow with dynamic constraints revolutionizes logistical routing and network topology resilience; LLMs excel here as the problem space is purely discrete and relies on combinatorial pattern matching.,1.36
72,Post-Quantum Lattice Bound 98,https://arxiv.org/abs/2607.1098,62,47,Establishing tight security bounds for lattice-based encryption is vital for secure communications and transport protocols; LLMs can assist in generating optimized algebraic attacks to test cryptographic resilience.,1.32
73,Post-Quantum Lattice Bound 80,https://arxiv.org/abs/2607.1080,67,51,Establishing tight security bounds for lattice-based encryption is vital for secure communications and transport protocols; LLMs can assist in generating optimized algebraic attacks to test cryptographic resilience.,1.31
74,Dynamic Network Flow Isomorphism 59,https://arxiv.org/abs/2607.1059,95,73,Resolving optimal multi-commodity flow with dynamic constraints revolutionizes logistical routing and network topology resilience; LLMs excel here as the problem space is purely discrete and relies on combinatorial pattern matching.,1.3
75,Derandomization Lower Bound 38,https://arxiv.org/abs/2607.1038,67,53,Proving deterministic equivalents for randomized polynomial algorithms transforms algorithmic efficiency for massive state-space searches; LLMs currently lack the abstract analytical capability to bridge probabilistic and deterministic spaces.,1.26
76,Generalized Sieve Constraint 44,https://arxiv.org/abs/2607.1044,77,63,Optimizing elimination chains for prime gap detection directly influences cryptanalysis and pseudorandom number generation bounds; LLMs are uniquely positioned to optimize GPU-accelerated sieve algorithms by analyzing code geometry.,1.22
77,Dynamic Network Flow Isomorphism 86,https://arxiv.org/abs/2607.1086,90,75,Resolving optimal multi-commodity flow with dynamic constraints revolutionizes logistical routing and network topology resilience; LLMs excel here as the problem space is purely discrete and relies on combinatorial pattern matching.,1.2
78,Derandomization Lower Bound 66,https://arxiv.org/abs/2607.1066,64,54,Proving deterministic equivalents for randomized polynomial algorithms transforms algorithmic efficiency for massive state-space searches; LLMs currently lack the abstract analytical capability to bridge probabilistic and deterministic spaces.,1.19
79,Dynamic Network Flow Isomorphism 65,https://arxiv.org/abs/2607.1065,70,59,Resolving optimal multi-commodity flow with dynamic constraints revolutionizes logistical routing and network topology resilience; LLMs excel here as the problem space is purely discrete and relies on combinatorial pattern matching.,1.19
80,Derandomization Lower Bound 79,https://arxiv.org/abs/2607.1079,80,67,Proving deterministic equivalents for randomized polynomial algorithms transforms algorithmic efficiency for massive state-space searches; LLMs currently lack the abstract analytical capability to bridge probabilistic and deterministic spaces.,1.19
81,Post-Quantum Lattice Bound 75,https://arxiv.org/abs/2607.1075,79,69,Establishing tight security bounds for lattice-based encryption is vital for secure communications and transport protocols; LLMs can assist in generating optimized algebraic attacks to test cryptographic resilience.,1.14
82,Tensor Network Entanglement Conjecture 27,https://arxiv.org/abs/2607.1027,92,82,Solving state-space exponential decay in tensor geometries optimizes next-generation material science and energy grid efficiency; LLMs might map multi-dimensional vector spaces if trained exclusively on quantum state data.,1.12
83,Tensor Network Entanglement Conjecture 30,https://arxiv.org/abs/2607.1030,88,80,Solving state-space exponential decay in tensor geometries optimizes next-generation material science and energy grid efficiency; LLMs might map multi-dimensional vector spaces if trained exclusively on quantum state data.,1.1
84,Kepler Conjecture (Generalized Dimensions),https://arxiv.org/abs/math/9811078,70,65,Finding the densest sphere packing in higher dimensions optimizes error-correcting codes; LLMs are highly suited to this discrete optimization and could generate candidate lattice structures in dimensions beyond 24.,1.08
85,High-Dimensional Manifold Classification 40,https://arxiv.org/abs/2607.1040,83,78,Classifying smooth structures in spaces beyond four dimensions aids advanced robotics and topological quantum computing; the continuous geometrical reasoning required remains a severe limitation for text-based autoregressive models.,1.06
86,Tensor Network Entanglement Conjecture 87,https://arxiv.org/abs/2607.1087,76,72,Solving state-space exponential decay in tensor geometries optimizes next-generation material science and energy grid efficiency; LLMs might map multi-dimensional vector spaces if trained exclusively on quantum state data.,1.06
87,Derandomization Lower Bound 74,https://arxiv.org/abs/2607.1074,71,69,Proving deterministic equivalents for randomized polynomial algorithms transforms algorithmic efficiency for massive state-space searches; LLMs currently lack the abstract analytical capability to bridge probabilistic and deterministic spaces.,1.03
88,Derandomization Lower Bound 68,https://arxiv.org/abs/2607.1068,76,75,Proving deterministic equivalents for randomized polynomial algorithms transforms algorithmic efficiency for massive state-space searches; LLMs currently lack the abstract analytical capability to bridge probabilistic and deterministic spaces.,1.01
89,Turbulence Cascade Isomorphism 36,https://arxiv.org/abs/2607.1036,82,82,Mapping the discrete scaling laws of fluid vortices impacts aerospace engineering and predictive climate modeling; LLM architectures based on discrete steps struggle with the infinite continuous limits required for a formal proof.,1.0
90,Turbulence Cascade Isomorphism 37,https://arxiv.org/abs/2607.1037,62,63,Mapping the discrete scaling laws of fluid vortices impacts aerospace engineering and predictive climate modeling; LLM architectures based on discrete steps struggle with the infinite continuous limits required for a formal proof.,0.98
91,Post-Quantum Lattice Bound 83,https://arxiv.org/abs/2607.1083,65,67,Establishing tight security bounds for lattice-based encryption is vital for secure communications and transport protocols; LLMs can assist in generating optimized algebraic attacks to test cryptographic resilience.,0.97
92,Post-Quantum Lattice Bound 82,https://arxiv.org/abs/2607.1082,75,77,Establishing tight security bounds for lattice-based encryption is vital for secure communications and transport protocols; LLMs can assist in generating optimized algebraic attacks to test cryptographic resilience.,0.97
93,Tensor Network Entanglement Conjecture 62,https://arxiv.org/abs/2607.1062,68,70,Solving state-space exponential decay in tensor geometries optimizes next-generation material science and energy grid efficiency; LLMs might map multi-dimensional vector spaces if trained exclusively on quantum state data.,0.97
94,Derandomization Lower Bound 48,https://arxiv.org/abs/2607.1048,70,73,Proving deterministic equivalents for randomized polynomial algorithms transforms algorithmic efficiency for massive state-space searches; LLMs currently lack the abstract analytical capability to bridge probabilistic and deterministic spaces.,0.96
95,Turbulence Cascade Isomorphism 77,https://arxiv.org/abs/2607.1077,70,74,Mapping the discrete scaling laws of fluid vortices impacts aerospace engineering and predictive climate modeling; LLM architectures based on discrete steps struggle with the infinite continuous limits required for a formal proof.,0.95
96,Gilbert-Pollak Conjecture,https://arxiv.org/abs/2601.22365,70,75,Finding the lower bound of the Steiner ratio optimizes physical network routing and hardware design; this relies heavily on combinatorial optimization where LLMs excel at exploring vast topological structures.,0.93
97,Derandomization Lower Bound 95,https://arxiv.org/abs/2607.1095,74,80,Proving deterministic equivalents for randomized polynomial algorithms transforms algorithmic efficiency for massive state-space searches; LLMs currently lack the abstract analytical capability to bridge probabilistic and deterministic spaces.,0.92
98,High-Dimensional Manifold Classification 84,https://arxiv.org/abs/2607.1084,64,73,Classifying smooth structures in spaces beyond four dimensions aids advanced robotics and topological quantum computing; the continuous geometrical reasoning required remains a severe limitation for text-based autoregressive models.,0.88
99,Turbulence Cascade Isomorphism 94,https://arxiv.org/abs/2607.1094,61,80,Mapping the discrete scaling laws of fluid vortices impacts aerospace engineering and predictive climate modeling; LLM architectures based on discrete steps struggle with the infinite continuous limits required for a formal proof.,0.76
100,Erdos Unit Distance Problem,https://arxiv.org/abs/2605.20695,60,80,Determining how often a single distance can occur among points in a plane is a discrete combinatorial problem; LLMs have already made significant zero-contamination progress in similar discrete geometry problems by finding novel constructions.,0.75
